{
  "newInstall": false,
  "all": {
    "channelId": "1068916773732229224",
    "color": "#A1A1A1",
    "embed": true
  },
  "system": {
    "channelId": "1068916776869572718",
    "icon": "🧾",
    "color": "#A1A1A1",
    "embed": true
  },
  "imageStore": {
    "channelId": "1068916775313494108",
    "webhookID": "1096459578692087901",
    "webhookToken": "JG3BiVf9KDi6OyUfCbUKTjMl3nY-itcEPc-LEuzg-H7GiQiAeYp5V5sez_WhB6KHwotB"
  },
  "chat": {
    "channelId": "1068916778232725594",
    "icon": "💬",
    "color": "#A1A1A1",
    "logHistory": true,
    "embed": true
  },
  "join": {
    "channelId": "1068916780346654800",
    "icon": "📥",
    "color": "#3AF241",
    "logHistory": true,
    "embed": true
  },
  "leave": {
    "channelId": "1068916782536081448",
    "icon": "📤",
    "color": "#F23A3A",
    "logHistory": true,
    "embed": true
  },
  "death": {
    "channelId": "1068916784960381110",
    "icon": "💀",
    "color": "#000000",
    "logHistory": true,
    "embed": true
  },
  "shooting": {
    "channelId": "1068916789930631278",
    "icon": "🔫",
    "color": "#2E66F2",
    "logHistory": false,
    "embed": true
  },
  "resource": {
    "channelId": "1068916792031989881",
    "icon": "🔧",
    "color": "#EBEE3F",
    "logHistory": true,
    "embed": true
  },
  "nameChange": {
    "channelId": "1068916794120736868",
    "icon": "💠",
    "color": "#03FC98",
    "logHistory": true,
    "embed": true
  },
  "explosion": {
    "channelId": "1068916796163358803",
    "icon": "🧨",
    "color": "#03FC98",
    "logHistory": true,
    "embed": true
  },
  "permission": {
    "channelId": "1068916798856101948",
    "icon": "🔒",
    "color": "#03FC98",
    "logHistory": true,
    "embed": true
  },
  "screenshot": {
    "channelId": "1068916803960586400",
    "icon": "📸",
    "color": "#A1A1A1",
    "logHistory": false,
    "embed": true
  },
  "txAdmin": {
    "channelId": "1068916801590808588",
    "icon": "💻",
    "color": "#FFFFFF",
    "embed": true
  },
  "damage": {
    "channelId": "1068916787237896263",
    "icon": "🩸",
    "color": "#FF0000",
    "embed": true
  }
}